0,0.0,0.0,0.36904761904761907,0.05952380952380952,0.5714285714285714,0.011904761904761904,0.2619047619047619,0.07142857142857142,-0.10714285714285714,0.20238095238095238,0.21428571428571427,-0.7380952380952381,-0.047619047619047616,-0.09523809523809523,-0.09523809523809523,0.20238095238095238,-0.09523809523809523,0.27380952380952384,-0.21428571428571427,-0.8095238095238095,-0.5476190476190477,-0.09523809523809523,-0.5119047619047619,0.21428571428571427,-0.4523809523809524,0.2619047619047619,-0.5595238095238095,-0.7380952380952381,-0.8333333333333334,-0.011904761904761904,-0.7023809523809523,0.2261904761904762,-0.5952380952380952,0.19047619047619047,-0.8214285714285714,-0.5595238095238095,-1.0,-0.011904761904761904,-0.8571428571428571,0.19047619047619047,-0.7380952380952381,0.17857142857142858
0,0.0,0.0,0.3875,0.075,0.675,0.0,0.425,-0.1,0.0875,-0.15,0.4125,-0.875,0.0625,-0.2875,0.0125,0.025,0.0375,0.0375,0.0,-1.0,-0.3875,-0.35,-0.3375,-0.0125,-0.25,-0.025,-0.35,-0.95,-0.6875,-0.2875,-0.5625,-0.0125,-0.4375,-0.05,-0.6375,-0.8125,-0.875,-0.3,-0.7375,-0.05,-0.6,-0.0875
0,0.0,0.0,0.3717948717948718,0.07692307692307693,0.6410256410256411,0.0,0.44871794871794873,-0.10256410256410256,0.1282051282051282,-0.16666666666666666,0.48717948717948717,-0.8589743589743589,0.14102564102564102,-0.34615384615384615,0.08974358974358974,-0.0641025641025641,0.14102564102564102,-0.10256410256410256,0.10256410256410256,-1.0,-0.28205128205128205,-0.41025641025641024,-0.2564102564102564,-0.0641025641025641,-0.16666666666666666,-0.07692307692307693,-0.23076923076923078,-0.9615384615384616,-0.5769230769230769,-0.3974358974358974,-0.48717948717948717,-0.08974358974358974,-0.3717948717948718,-0.11538461538461539,-0.5128205128205128,-0.8205128205128205,-0.7564102564102564,-0.3717948717948718,-0.6410256410256411,-0.10256410256410256,-0.5,-0.10256410256410256
0,0.0,0.0,0.30526315789473685,-0.031578947368421054,0.47368421052631576,-0.2,0.3894736842105263,-0.3263157894736842,0.23157894736842105,-0.3684210526315789,0.3894736842105263,-0.9052631578947369,0.07368421052631578,-0.6,0.021052631578947368,-0.3368421052631579,0.05263157894736842,-0.24210526315789474,0.08421052631578947,-1.0,-0.2631578947368421,-0.631578947368421,-0.23157894736842105,-0.30526315789473685,-0.1368421052631579,-0.22105263157894736,-0.18947368421052632,-0.9578947368421052,-0.47368421052631576,-0.5894736842105263,-0.3894736842105263,-0.3157894736842105,-0.25263157894736843,-0.2631578947368421,-0.4,-0.8315789473684211,-0.6,-0.5684210526315789,-0.49473684210526314,-0.3368421052631579,-0.3684210526315789,-0.2736842105263158
0,0.0,0.0,0.21978021978021978,-0.13186813186813187,0.31868131868131866,-0.34065934065934067,0.21978021978021978,-0.4835164835164835,0.14285714285714285,-0.5604395604395604,0.23076923076923078,-0.9340659340659341,0.02197802197802198,-0.7472527472527473,-0.03296703296703297,-0.5054945054945055,-0.02197802197802198,-0.43956043956043955,-0.02197802197802198,-1.0,-0.31868131868131866,-0.7472527472527473,-0.2967032967032967,-0.46153846153846156,-0.2087912087912088,-0.4175824175824176,-0.25274725274725274,-0.9560439560439561,-0.4945054945054945,-0.6703296703296703,-0.4175824175824176,-0.4065934065934066,-0.2857142857142857,-0.3956043956043956,-0.45054945054945056,-0.8791208791208791,-0.6373626373626373,-0.6593406593406593,-0.5494505494505495,-0.45054945054945056,-0.42857142857142855,-0.42857142857142855
0,0.0,0.0,0.08045977011494253,-0.08045977011494253,0.08045977011494253,-0.3218390804597701,-0.05747126436781609,-0.5057471264367817,-0.12643678160919541,-0.6551724137931034,0.14942528735632185,-0.9540229885057471,-0.10344827586206896,-0.7011494252873564,-0.12643678160919541,-0.45977011494252873,-0.09195402298850575,-0.3448275862068966,0.011494252873563218,-1.0,-0.2988505747126437,-0.7471264367816092,-0.27586206896551724,-0.4482758620689655,-0.19540229885057472,-0.3103448275862069,-0.13793103448275862,-0.9540229885057471,-0.41379310344827586,-0.6896551724137931,-0.3448275862068966,-0.42528735632183906,-0.25287356321839083,-0.3333333333333333,-0.27586206896551724,-0.8505747126436781,-0.4942528735632184,-0.6896551724137931,-0.45977011494252873,-0.47126436781609193,-0.3793103448275862,-0.39080459770114945
0,0.0,0.0,0.359375,-0.046875,0.59375,-0.234375,0.484375,-0.390625,0.28125,-0.4375,0.5625,-0.921875,0.328125,-0.671875,0.28125,-0.421875,0.3125,-0.359375,0.265625,-1.0,0.015625,-0.71875,0.046875,-0.421875,0.109375,-0.375,-0.03125,-0.9375,-0.234375,-0.625,-0.15625,-0.390625,-0.0625,-0.375,-0.265625,-0.8125,-0.375,-0.5625,-0.296875,-0.34375,-0.203125,-0.3125
0,0.0,0.0,0.34615384615384615,-0.05128205128205128,0.6666666666666666,-0.23076923076923078,0.6025641025641025,-0.44871794871794873,0.358974358974359,-0.5384615384615384,0.6538461538461539,-0.8974358974358975,0.5512820512820513,-0.7564102564102564,0.47435897435897434,-0.5,0.4358974358974359,-0.3974358974358974,0.34615384615384615,-1.0,0.21794871794871795,-0.782051282051282,0.19230769230769232,-0.48717948717948717,0.20512820512820512,-0.4230769230769231,0.05128205128205128,-0.9743589743589743,-0.08974358974358974,-0.717948717948718,-0.05128205128205128,-0.46153846153846156,-0.01282051282051282,-0.4358974358974359,-0.21794871794871795,-0.8846153846153846,-0.3076923076923077,-0.6538461538461539,-0.2564102564102564,-0.4358974358974359,-0.19230769230769232,-0.3974358974358974
0,0.0,0.0,0.3617021276595745,-0.02127659574468085,0.6914893617021277,-0.1276595744680851,0.6914893617021277,-0.2978723404255319,0.5319148936170213,-0.4148936170212766,0.776595744680851,-0.8723404255319149,0.7659574468085106,-0.6170212765957447,0.648936170212766,-0.35106382978723405,0.574468085106383,-0.2872340425531915,0.46808510638297873,-1.0,0.46808510638297873,-0.6914893617021277,0.39361702127659576,-0.3829787234042553,0.3617021276595745,-0.35106382978723405,0.14893617021276595,-0.9787234042553191,0.14893617021276595,-0.648936170212766,0.1276595744680851,-0.3723404255319149,0.1276595744680851,-0.3723404255319149,-0.13829787234042554,-0.8723404255319149,-0.14893617021276595,-0.5957446808510638,-0.10638297872340426,-0.3617021276595745,-0.06382978723404255,-0.3617021276595745
0,0.0,0.0,0.3838383838383838,0.050505050505050504,0.7272727272727273,-0.09090909090909091,0.7070707070707071,-0.29292929292929293,0.5757575757575758,-0.4444444444444444,0.898989898989899,-0.7777777777777778,1.0,-0.5555555555555556,0.8282828282828283,-0.25252525252525254,0.696969696969697,-0.20202020202020202,0.6363636363636364,-0.9494949494949495,0.7171717171717171,-0.6363636363636364,0.5757575757575758,-0.2727272727272727,0.5050505050505051,-0.26262626262626265,0.32323232323232326,-0.9494949494949495,0.37373737373737376,-0.6262626262626263,0.31313131313131315,-0.31313131313131315,0.2727272727272727,-0.32323232323232326,0.020202020202020204,-0.8585858585858586,0.050505050505050504,-0.5353535353535354,0.050505050505050504,-0.31313131313131315,0.06060606060606061,-0.35353535353535354
0,0.0,0.0,0.39655172413793105,0.0603448275862069,0.7327586206896551,-0.08620689655172414,0.7413793103448276,-0.3017241379310345,0.6293103448275862,-0.4482758620689655,0.8448275862068966,-0.6637931034482759,1.0,-0.4396551724137931,0.8448275862068966,-0.20689655172413793,0.7068965517241379,-0.1724137931034483,0.6379310344827587,-0.8017241379310345,0.7758620689655172,-0.5172413793103449,0.6379310344827587,-0.25,0.5431034482758621,-0.23275862068965517,0.41379310344827586,-0.8017241379310345,0.5,-0.49137931034482757,0.4051724137931034,-0.25,0.33620689655172414,-0.28448275862068967,0.1896551724137931,-0.7241379310344828,0.25,-0.4051724137931034,0.19827586206896552,-0.25,0.16379310344827586,-0.3275862068965517
0,0.0,0.0,0.3793103448275862,0.09655172413793103,0.6758620689655173,0.013793103448275862,0.7379310344827587,-0.15172413793103448,0.6896551724137931,-0.27586206896551724,0.8413793103448276,-0.496551724137931,1.0,-0.2,0.8551724137931035,0.0,0.7517241379310344,0.013793103448275862,0.6689655172413793,-0.6068965517241379,0.8068965517241379,-0.23448275862068965,0.6551724137931034,-0.034482758620689655,0.5724137931034483,-0.05517241379310345,0.4689655172413793,-0.6,0.5655172413793104,-0.2206896551724138,0.4413793103448276,-0.06206896551724138,0.3931034482758621,-0.1310344827586207,0.27586206896551724,-0.5310344827586206,0.32413793103448274,-0.1793103448275862,0.2482758620689655,-0.08275862068965517,0.2206896551724138,-0.1724137931034483
0,0.0,0.0,0.45185185185185184,0.02962962962962963,0.7555555555555555,-0.05185185185185185,0.8148148148148148,-0.16296296296296298,0.8074074074074075,-0.17777777777777778,0.8740740740740741,-0.674074074074074,1.0,-0.2222222222222222,0.8592592592592593,0.02962962962962963,0.7481481481481481,0.044444444444444446,0.5777777777777777,-0.7407407407407407,0.7037037037037037,-0.2,0.5851851851851851,0.02962962962962963,0.5111111111111111,-0.014814814814814815,0.2814814814814815,-0.6888888888888889,0.37777777777777777,-0.14074074074074075,0.31851851851851853,0.014814814814814815,0.28888888888888886,-0.0962962962962963,0.0,-0.5703703703703704,0.0962962962962963,-0.1259259259259259,0.0962962962962963,-0.014814814814814815,0.08148148148148149,-0.11851851851851852
0,0.0,0.0,0.4161849710982659,0.03468208092485549,0.7167630057803468,-0.011560693641618497,0.8670520231213873,-0.05202312138728324,0.9421965317919075,-0.046242774566473986,0.861271676300578,-0.5086705202312138,1.0,-0.07514450867052024,0.8670520231213873,0.12716763005780346,0.7630057803468208,0.11560693641618497,0.6184971098265896,-0.5664739884393064,0.7341040462427746,-0.05202312138728324,0.6127167630057804,0.1329479768786127,0.5375722543352601,0.06936416184971098,0.3583815028901734,-0.5144508670520231,0.4393063583815029,-0.005780346820809248,0.3699421965317919,0.10982658959537572,0.34104046242774566,0.0,0.10982658959537572,-0.42196531791907516,0.1907514450867052,-0.011560693641618497,0.18497109826589594,0.07514450867052024,0.17341040462427745,-0.023121387283236993
0,0.0,0.0,0.3795620437956204,-0.24817518248175183,0.5912408759124088,-0.583941605839416,0.6715328467153284,-0.7956204379562044,0.656934306569343,-1.0,0.08759124087591241,-0.9416058394160584,0.5474452554744526,-0.49635036496350365,0.6715328467153284,-0.22627737226277372,0.583941605839416,-0.1897810218978102,-0.21897810218978103,-0.7153284671532847,0.35036496350364965,-0.16058394160583941,0.45255474452554745,-0.021897810218978103,0.3357664233576642,-0.10948905109489052,-0.38686131386861317,-0.40875912408759124,0.145985401459854,0.08029197080291971,0.26277372262773724,0.10948905109489052,0.16058394160583941,-0.021897810218978103,-0.48175182481751827,-0.10948905109489052,-0.06569343065693431,0.24817518248175183,0.058394160583941604,0.25547445255474455,-0.0072992700729927005,0.13138686131386862
0,0.0,0.0,0.32061068702290074,0.1450381679389313,0.648854961832061,0.16793893129770993,0.6412213740458015,0.030534351145038167,0.48091603053435117,-0.11450381679389313,1.0,-0.5190839694656488,0.7404580152671756,-0.19083969465648856,0.5038167938931297,0.015267175572519083,0.44274809160305345,-0.007633587786259542,0.7404580152671756,-0.7633587786259542,0.4580152671755725,-0.3816793893129771,0.2900763358778626,-0.1297709923664122,0.3282442748091603,-0.1450381679389313,0.42748091603053434,-0.8702290076335878,0.15267175572519084,-0.48091603053435117,0.061068702290076333,-0.22137404580152673,0.12213740458015267,-0.2366412213740458,0.10687022900763359,-0.8931297709923665,-0.10687022900763359,-0.5725190839694656,-0.13740458015267176,-0.31297709923664124,-0.04580152671755725,-0.2824427480916031
0,0.0,0.0,0.3284671532846715,-0.29927007299270075,0.5620437956204379,-0.5328467153284672,0.708029197080292,-0.48905109489051096,0.7591240875912408,-0.3722627737226277,0.15328467153284672,-1.0,0.656934306569343,-0.46715328467153283,0.7372262773722628,-0.24087591240875914,0.6277372262773723,-0.23357664233576642,-0.1678832116788321,-0.7445255474452555,0.4306569343065693,-0.11678832116788321,0.49635036496350365,-0.043795620437956206,0.3795620437956204,-0.15328467153284672,-0.35036496350364965,-0.38686131386861317,0.24087591240875914,0.16058394160583941,0.29927007299270075,0.13138686131386862,0.16058394160583941,-0.0364963503649635,-0.44525547445255476,-0.051094890510948905,0.0364963503649635,0.34306569343065696,0.08759124087591241,0.291970802919708,-0.029197080291970802,0.1386861313868613
0,0.0,0.0,0.21428571428571427,0.4489795918367347,0.42857142857142855,0.6938775510204082,0.32653061224489793,0.6224489795918368,0.1326530612244898,0.3979591836734694,1.0,0.04081632653061224,0.15306122448979592,0.40816326530612246,-0.05102040816326531,0.4897959183673469,0.061224489795918366,0.3979591836734694,0.7959183673469388,-0.42857142857142855,-0.08163265306122448,0.061224489795918366,-0.14285714285714285,0.17346938775510204,0.061224489795918366,0.04081632653061224,0.4897959183673469,-0.7244897959183674,-0.336734693877551,-0.24489795918367346,-0.3469387755102041,-0.09183673469387756,-0.12244897959183673,-0.16326530612244897,0.17346938775510204,-0.8979591836734694,-0.4387755102040816,-0.5612244897959183,-0.4897959183673469,-0.3469387755102041,-0.336734693877551,-0.32653061224489793
0,0.0,0.0,0.23943661971830985,0.14084507042253522,0.49295774647887325,0.16901408450704225,0.49295774647887325,-0.014084507042253521,0.36619718309859156,-0.18309859154929578,1.0,-0.323943661971831,0.6197183098591549,-0.2535211267605634,0.352112676056338,-0.15492957746478872,0.2535211267605634,-0.09859154929577464,0.8309859154929577,-0.6338028169014085,0.39436619718309857,-0.5070422535211268,0.18309859154929578,-0.30985915492957744,0.18309859154929578,-0.22535211267605634,0.5774647887323944,-0.8309859154929577,0.16901408450704225,-0.647887323943662,0.028169014084507043,-0.43661971830985913,0.07042253521126761,-0.3380281690140845,0.30985915492957744,-0.9295774647887324,0.014084507042253521,-0.7605633802816901,-0.09859154929577464,-0.5352112676056338,-0.056338028169014086,-0.4225352112676056
0,0.0,0.0,0.0,-0.1414141414141414,-0.04040404040404041,-0.30303030303030304,-0.20202020202020202,-0.45454545454545453,-0.35353535353535354,-0.5555555555555556,0.050505050505050504,-0.9090909090909091,-0.35353535353535354,-0.7777777777777778,-0.37373737373737376,-0.5656565656565656,-0.29292929292929293,-0.5151515151515151,-0.020202020202020204,-1.0,-0.5454545454545454,-0.797979797979798,-0.5454545454545454,-0.5858585858585859,-0.4444444444444444,-0.5555555555555556,-0.1111111111111111,-0.9696969696969697,-0.6060606060606061,-0.7676767676767676,-0.5656565656565656,-0.5656565656565656,-0.4444444444444444,-0.5454545454545454,-0.1919191919191919,-0.8787878787878788,-0.5757575757575758,-0.7070707070707071,-0.5454545454545454,-0.5151515151515151,-0.43434343434343436,-0.47474747474747475
0,0.0,0.0,-0.19480519480519481,-0.16883116883116883,-0.35064935064935066,-0.4025974025974026,-0.5194805194805194,-0.5714285714285714,-0.6623376623376623,-0.6623376623376623,-0.025974025974025976,-0.987012987012987,-0.4025974025974026,-1.0,-0.6363636363636364,-0.8831168831168831,-0.8051948051948052,-0.7662337662337663,0.07792207792207792,-0.948051948051948,-0.3116883116883117,-0.9090909090909091,-0.5844155844155844,-0.7792207792207793,-0.7792207792207793,-0.6493506493506493,0.12987012987012986,-0.7922077922077922,-0.2727272727272727,-0.6623376623376623,-0.42857142857142855,-0.4805194805194805,-0.5064935064935064,-0.33766233766233766,0.15584415584415584,-0.5714285714285714,-0.16883116883116883,-0.45454545454545453,-0.2857142857142857,-0.33766233766233766,-0.35064935064935066,-0.22077922077922077
0,0.0,0.0,0.38095238095238093,-0.23809523809523808,0.5952380952380952,-0.4523809523809524,0.6507936507936508,-0.5476190476190477,0.6349206349206349,-0.5555555555555556,0.373015873015873,-1.0,0.7142857142857143,-0.6587301587301587,0.746031746031746,-0.3968253968253968,0.6507936507936508,-0.35714285714285715,0.11904761904761904,-0.8968253968253969,0.5079365079365079,-0.4523809523809524,0.5396825396825397,-0.24603174603174602,0.4444444444444444,-0.2777777777777778,-0.07142857142857142,-0.6746031746031746,0.30952380952380953,-0.24603174603174602,0.3412698412698413,-0.1111111111111111,0.23809523809523808,-0.1984126984126984,-0.20634920634920634,-0.42063492063492064,0.11904761904761904,-0.09523809523809523,0.16666666666666666,-0.023809523809523808,0.0873015873015873,-0.10317460317460317
0,0.0,0.0,0.16666666666666666,-0.27976190476190477,0.4642857142857143,-0.48214285714285715,0.7678571428571429,-0.5238095238095238,0.9464285714285714,-0.5059523809523809,0.5416666666666666,-0.7380952380952381,1.0,-0.5476190476190477,0.9047619047619048,-0.3869047619047619,0.7738095238095238,-0.38095238095238093,0.5178571428571429,-0.6309523809523809,0.9821428571428571,-0.3630952380952381,0.8511904761904762,-0.23214285714285715,0.7261904761904762,-0.2619047619047619,0.5,-0.44642857142857145,0.8928571428571429,-0.15476190476190477,0.7559523809523809,-0.07142857142857142,0.6309523809523809,-0.125,0.4880952380952381,-0.23809523809523808,0.7916666666666666,0.005952380952380952,0.6666666666666666,0.07142857142857142,0.5595238095238095,0.011904761904761904
0,0.0,0.0,0.18269230769230768,0.27884615384615385,0.34615384615384615,0.3942307692307692,0.21153846153846154,0.25,0.038461538461538464,0.08653846153846154,0.6923076923076923,-0.4423076923076923,0.009615384615384616,-0.27884615384615385,-0.18269230769230768,-0.028846153846153848,-0.125,0.04807692307692308,0.5192307692307693,-0.7788461538461539,-0.25,-0.5288461538461539,-0.36538461538461536,-0.18269230769230768,-0.23076923076923078,-0.09615384615384616,0.28846153846153844,-0.9519230769230769,-0.41346153846153844,-0.6346153846153846,-0.4423076923076923,-0.3173076923076923,-0.2980769230769231,-0.25961538461538464,0.057692307692307696,-1.0,-0.4326923076923077,-0.7692307692307693,-0.46153846153846156,-0.5096153846153846,-0.34615384615384615,-0.4423076923076923
0,0.0,0.0,0.45,0.0625,0.7625,0.175,0.7625,0.3625,0.6375,0.4875,1.0,-0.5,0.9375,0.125,0.8125,0.4375,0.725,0.4875,0.5875,-0.6,0.425,0.275,0.3875,0.4625,0.4,0.3125,0.15,-0.55,0.025,0.2375,0.0875,0.3375,0.15,0.15,-0.2375,-0.4375,-0.275,0.1875,-0.2,0.275,-0.1375,0.15
0,0.0,0.0,0.2974683544303797,-0.10759493670886076,0.6012658227848101,-0.13924050632911392,0.8291139240506329,-0.05063291139240506,0.9050632911392406,0.056962025316455694,0.7151898734177216,-0.44936708860759494,1.0,-0.08227848101265822,0.9050632911392406,0.06329113924050633,0.7974683544303798,0.0379746835443038,0.5632911392405063,-0.3860759493670886,0.8544303797468354,0.0759493670886076,0.7215189873417721,0.16455696202531644,0.6265822784810127,0.08860759493670886,0.41139240506329117,-0.25316455696202533,0.6455696202531646,0.20253164556962025,0.5253164556962026,0.22151898734177214,0.45569620253164556,0.12025316455696203,0.26582278481012656,-0.08860759493670886,0.47468354430379744,0.25949367088607594,0.3924050632911392,0.25949367088607594,0.31645569620253167,0.16455696202531644
0,0.0,0.0,0.2953020134228188,-0.18791946308724833,0.5704697986577181,-0.348993288590604,0.7583892617449665,-0.40939597315436244,0.825503355704698,-0.3691275167785235,0.5704697986577181,-0.7181208053691275,1.0,-0.4429530201342282,0.9328859060402684,-0.24161073825503357,0.8053691275167785,-0.2348993288590604,0.436241610738255,-0.6040268456375839,0.8926174496644296,-0.26174496644295303,0.785234899328859,-0.12080536912751678,0.6778523489932886,-0.15436241610738255,0.3288590604026846,-0.4228187919463087,0.7181208053691275,-0.053691275167785234,0.5973154362416108,0.020134228187919462,0.4966442953020134,-0.06040268456375839,0.24161073825503357,-0.2080536912751678,0.5637583892617449,0.0738255033557047,0.47651006711409394,0.10738255033557047,0.3825503355704698,0.026845637583892617
0,0.0,0.0,-0.42857142857142855,0.025974025974025976,-0.8571428571428571,-0.03896103896103896,-1.0,-0.03896103896103896,-0.7922077922077922,-0.06493506493506493,-0.6753246753246753,-0.8441558441558441,-0.6233766233766234,-0.12987012987012986,-0.5454545454545454,0.16883116883116883,-0.5064935064935064,0.06493506493506493,-0.18181818181818182,-0.8571428571428571,-0.16883116883116883,-0.1038961038961039,-0.22077922077922077,0.16883116883116883,-0.2727272727272727,0.012987012987012988,0.2597402597402597,-0.7272727272727273,0.23376623376623376,-0.1038961038961039,0.12987012987012986,0.12987012987012986,0.07792207792207792,0.025974025974025976,0.6103896103896104,-0.5324675324675324,0.5584415584415584,-0.06493506493506493,0.4155844155844156,0.14285714285714285,0.3246753246753247,0.11688311688311688
0,0.0,0.0,-0.09523809523809523,-0.047619047619047616,-0.1746031746031746,-0.20634920634920634,-0.20634920634920634,-0.2698412698412698,-0.2222222222222222,-0.2698412698412698,0.30158730158730157,-1.0,0.1111111111111111,-0.5555555555555556,-0.031746031746031744,-0.1111111111111111,-0.09523809523809523,0.09523809523809523,0.5238095238095238,-0.9523809523809523,0.25396825396825395,-0.3492063492063492,0.06349206349206349,0.047619047619047616,-0.015873015873015872,0.20634920634920634,0.6349206349206349,-0.7777777777777778,0.3333333333333333,-0.15873015873015872,0.1746031746031746,0.15873015873015872,0.09523809523809523,0.25396825396825395,0.6507936507936508,-0.5714285714285714,0.4126984126984127,-0.031746031746031744,0.25396825396825395,0.19047619047619047,0.1746031746031746,0.2698412698412698
0,0.0,0.0,-0.44086021505376344,-0.17204301075268819,-0.8064516129032258,-0.3870967741935484,-1.0,-0.3763440860215054,-0.967741935483871,-0.24731182795698925,-0.46236559139784944,-0.8387096774193549,-0.9354838709677419,-0.13978494623655913,-0.8387096774193549,0.021505376344086023,-0.6774193548387096,-0.12903225806451613,-0.0967741935483871,-0.6666666666666666,-0.6236559139784946,0.16129032258064516,-0.5268817204301075,0.15053763440860216,-0.3763440860215054,-0.11827956989247312,0.1935483870967742,-0.3655913978494624,-0.3010752688172043,0.3763440860215054,-0.26881720430107525,0.2903225806451613,-0.13978494623655913,0.06451612903225806,0.3978494623655914,-0.053763440860215055,0.0,0.4731182795698925,0.0,0.3763440860215054,0.10752688172043011,0.16129032258064516
0,0.0,0.0,-0.3,0.1,-0.67,0.08,-0.85,-0.04,-0.82,-0.29,-1.0,-0.68,-0.79,-0.49,-0.57,-0.25,-0.55,-0.21,-0.75,-0.9,-0.53,-0.64,-0.37,-0.35,-0.4,-0.34,-0.45,-0.99,-0.23,-0.71,-0.16,-0.43,-0.23,-0.43,-0.14,-1.0,0.03,-0.75,0.05,-0.5,-0.04,-0.46
0,0.0,0.0,-0.2857142857142857,0.19047619047619047,-0.6587301587301587,0.2222222222222222,-0.8650793650793651,0.11904761904761904,-0.8571428571428571,-0.07936507936507936,-1.0,-0.3968253968253968,-0.9206349206349206,-0.16666666666666666,-0.7063492063492064,0.0,-0.6666666666666666,-0.023809523809523808,-0.8253968253968254,-0.5873015873015873,-0.7063492063492064,-0.30158730158730157,-0.5158730158730159,-0.0873015873015873,-0.5,-0.12698412698412698,-0.5873015873015873,-0.6746031746031746,-0.4523809523809524,-0.35714285714285715,-0.31746031746031744,-0.15873015873015872,-0.3492063492063492,-0.20634920634920634,-0.3333333333333333,-0.6984126984126984,-0.21428571428571427,-0.40476190476190477,-0.12698412698412698,-0.23015873015873015,-0.15079365079365079,-0.2619047619047619
0,0.0,0.0,-0.34210526315789475,0.017543859649122806,-0.7368421052631579,-0.2719298245614035,-0.868421052631579,-0.631578947368421,-0.8333333333333334,-0.8859649122807017,-0.6754385964912281,-0.7105263157894737,-0.7982456140350878,-0.9912280701754386,-0.6754385964912281,-0.6929824561403509,-0.5877192982456141,-0.5701754385964912,-0.43859649122807015,-0.7719298245614035,-0.5263157894736842,-1.0,-0.4298245614035088,-0.6140350877192983,-0.39473684210526316,-0.5964912280701754,-0.20175438596491227,-0.7807017543859649,-0.2543859649122807,-0.956140350877193,-0.20175438596491227,-0.5877192982456141,-0.20175438596491227,-0.5614035087719298,0.043859649122807015,-0.7719298245614035,-0.02631578947368421,-0.8596491228070176,-0.02631578947368421,-0.5964912280701754,-0.017543859649122806,-0.5526315789473685
0,0.0,0.0,-0.37606837606837606,-0.1111111111111111,-0.6581196581196581,-0.41025641025641024,-0.717948717948718,-0.7264957264957265,-0.5811965811965812,-0.9230769230769231,-0.5213675213675214,-0.7008547008547008,-0.6410256410256411,-1.0,-0.5555555555555556,-0.7350427350427351,-0.49572649572649574,-0.6153846153846154,-0.3162393162393162,-0.7350427350427351,-0.4188034188034188,-0.9914529914529915,-0.358974358974359,-0.6752136752136753,-0.3162393162393162,-0.6153846153846154,-0.09401709401709402,-0.7264957264957265,-0.19658119658119658,-0.9401709401709402,-0.17094017094017094,-0.6324786324786325,-0.1282051282051282,-0.5726495726495726,0.13675213675213677,-0.6837606837606838,0.008547008547008548,-0.8290598290598291,0.0,-0.6153846153846154,0.05128205128205128,-0.5470085470085471
0,0.0,0.0,-0.21678321678321677,-0.27972027972027974,-0.2517482517482518,-0.6083916083916084,-0.11888111888111888,-0.8181818181818182,0.04195804195804196,-0.9230769230769231,0.04895104895104895,-0.7482517482517482,0.06993006993006994,-1.0,-0.04895104895104895,-0.8041958041958042,-0.055944055944055944,-0.6713286713286714,0.1958041958041958,-0.6643356643356644,0.20279720279720279,-0.9020979020979021,0.055944055944055944,-0.6643356643356644,0.08391608391608392,-0.5664335664335665,0.3356643356643357,-0.5594405594405595,0.3076923076923077,-0.7622377622377622,0.14685314685314685,-0.5244755244755245,0.18181818181818182,-0.43356643356643354,0.4755244755244755,-0.4195804195804196,0.3916083916083916,-0.5874125874125874,0.25874125874125875,-0.4405594405594406,0.27972027972027974,-0.35664335664335667
0,0.0,0.0,-0.11842105263157894,-0.34868421052631576,-0.02631578947368421,-0.7236842105263158,0.17105263157894737,-0.868421052631579,0.3684210526315789,-0.8552631578947368,0.34210526315789475,-0.7697368421052632,0.4276315789473684,-1.0,0.24342105263157895,-0.8289473684210527,0.19736842105263158,-0.7105263157894737,0.4868421052631579,-0.625,0.5197368421052632,-0.8092105263157895,0.28289473684210525,-0.618421052631579,0.29605263157894735,-0.5394736842105263,0.5921052631578947,-0.45394736842105265,0.5723684210526315,-0.618421052631579,0.32894736842105265,-0.4407894736842105,0.35526315789473684,-0.3684210526315789,0.6710526315789473,-0.26973684210526316,0.6052631578947368,-0.42105263157894735,0.4144736842105263,-0.32894736842105265,0.42105263157894735,-0.2631578947368421
0,0.0,0.0,-0.45454545454545453,-0.050505050505050504,-0.8888888888888888,-0.09090909090909091,-1.0,0.1414141414141414,-0.8282828282828283,0.43434343434343436,-0.5858585858585859,-0.42424242424242425,-0.8080808080808081,0.2828282828282828,-0.7575757575757576,0.4444444444444444,-0.6767676767676768,0.3333333333333333,-0.1717171717171717,-0.36363636363636365,-0.40404040404040403,0.5959595959595959,-0.3838383838383838,0.5353535353535354,-0.3333333333333333,0.25252525252525254,0.20202020202020202,-0.18181818181818182,-0.0707070707070707,0.696969696969697,-0.1111111111111111,0.5555555555555556,-0.10101010101010101,0.2828282828282828,0.48484848484848486,0.020202020202020204,0.23232323232323232,0.6767676767676768,0.1414141414141414,0.5454545454545454,0.1414141414141414,0.30303030303030304
0,0.0,0.0,-0.41509433962264153,0.050314465408805034,-0.710691823899371,0.34591194968553457,-0.7484276729559748,0.710691823899371,-0.6477987421383647,0.9559748427672956,-0.7295597484276729,0.44025157232704404,-0.7610062893081762,0.9748427672955975,-0.7169811320754716,0.8679245283018868,-0.6855345911949685,0.6981132075471698,-0.4276729559748428,0.5283018867924528,-0.5094339622641509,1.0,-0.48427672955974843,0.8742138364779874,-0.44654088050314467,0.7169811320754716,-0.16352201257861634,0.5911949685534591,-0.27044025157232704,0.9559748427672956,-0.2641509433962264,0.8301886792452831,-0.23270440251572327,0.6855345911949685,0.06918238993710692,0.6289308176100629,-0.06289308176100629,0.8679245283018868,-0.06289308176100629,0.7547169811320755,-0.025157232704402517,0.6540880503144654
0,0.0,0.0,-0.33766233766233766,0.12987012987012986,-0.5324675324675324,0.474025974025974,-0.5,0.8116883116883117,-0.35064935064935066,1.0,-0.7012987012987013,0.6168831168831169,-0.5324675324675324,0.987012987012987,-0.44805194805194803,0.9025974025974026,-0.45454545454545453,0.7987012987012987,-0.4805194805194805,0.6298701298701299,-0.2987012987012987,0.9675324675324676,-0.2532467532467532,0.8506493506493507,-0.2792207792207792,0.7337662337662337,-0.24675324675324675,0.6233766233766234,-0.09740259740259741,0.8896103896103896,-0.08441558441558442,0.7662337662337663,-0.11688311688311688,0.6493506493506493,-0.012987012987012988,0.5974025974025974,0.045454545454545456,0.7857142857142857,0.05844155844155844,0.6688311688311688,0.03896103896103896,0.577922077922078
0,0.0,0.0,-0.27647058823529413,-0.10588235294117647,-0.5882352941176471,-0.11764705882352941,-0.8058823529411765,-0.047058823529411764,-0.9058823529411765,0.041176470588235294,-0.7764705882352941,-0.3176470588235294,-1.0,0.047058823529411764,-0.8764705882352941,0.11764705882352941,-0.7941176470588235,0.047058823529411764,-0.6529411764705882,-0.25882352941176473,-0.8588235294117647,0.17647058823529413,-0.7235294117647059,0.18823529411764706,-0.6529411764705882,0.08823529411764706,-0.5176470588235295,-0.1411764705882353,-0.6882352941176471,0.2647058823529412,-0.5529411764705883,0.25882352941176473,-0.48823529411764705,0.15294117647058825,-0.3764705882352941,-0.0058823529411764705,-0.5117647058823529,0.3058823529411765,-0.4117647058823529,0.29411764705882354,-0.35294117647058826,0.20588235294117646
0,0.0,0.0,-0.30857142857142855,0.17714285714285713,-0.4514285714285714,0.5142857142857142,-0.4057142857142857,0.8285714285714286,-0.2857142857142857,1.0,-0.4514285714285714,0.5657142857142857,-0.3028571428571429,1.0,-0.28,0.8914285714285715,-0.30857142857142855,0.7485714285714286,-0.2,0.5428571428571428,-0.09142857142857143,0.9485714285714286,-0.09142857142857143,0.84,-0.10857142857142857,0.7085714285714285,0.03428571428571429,0.52,0.09142857142857143,0.8628571428571429,0.07428571428571429,0.7485714285714286,0.05142857142857143,0.6228571428571429,0.2342857142857143,0.4857142857142857,0.2342857142857143,0.7371428571428571,0.21714285714285714,0.64,0.21142857142857144,0.5428571428571428
0,0.0,0.0,-0.35714285714285715,0.15584415584415584,-0.6298701298701299,0.09090909090909091,-0.8051948051948052,-0.01948051948051948,-0.9285714285714286,-0.11038961038961038,-0.7467532467532467,-0.4025974025974026,-1.0,-0.09740259740259741,-0.9025974025974026,0.05844155844155844,-0.7922077922077922,0.07142857142857142,-0.6623376623376623,-0.43506493506493504,-0.8701298701298701,-0.05194805194805195,-0.7142857142857143,0.06493506493506493,-0.6038961038961039,0.025974025974025976,-0.5454545454545454,-0.3961038961038961,-0.7012987012987013,0.0,-0.5454545454545454,0.09090909090909091,-0.4675324675324675,0.032467532467532464,-0.42857142857142855,-0.3051948051948052,-0.512987012987013,0.012987012987012988,-0.4090909090909091,0.07792207792207792,-0.34415584415584416,0.01948051948051948
0,0.0,0.0,-0.35135135135135137,0.14189189189189189,-0.6283783783783784,0.11486486486486487,-0.8175675675675675,0.06756756756756757,-0.918918918918919,0.04054054054054054,-0.8175675675675675,-0.2905405405405405,-1.0,0.08783783783783784,-0.8648648648648649,0.16891891891891891,-0.777027027027027,0.10810810810810811,-0.7094594594594594,-0.31756756756756754,-0.831081081081081,0.14864864864864866,-0.6891891891891891,0.18243243243243243,-0.6283783783783784,0.08783783783783784,-0.5675675675675675,-0.2635135135135135,-0.6554054054054054,0.18243243243243243,-0.5202702702702703,0.20270270270270271,-0.47297297297297297,0.11486486486486487,-0.4189189189189189,-0.16216216216216217,-0.46621621621621623,0.1891891891891892,-0.3716216216216216,0.21621621621621623,-0.33783783783783783,0.14189189189189189
0,0.0,0.0,-0.42342342342342343,-0.08108108108108109,-0.5855855855855856,-0.25225225225225223,-0.3963963963963964,-0.11711711711711711,-0.11711711711711711,0.06306306306306306,0.07207207207207207,-0.7567567567567568,0.3333333333333333,0.0990990990990991,0.08108108108108109,0.2702702702702703,-0.05405405405405406,0.15315315315315314,0.5315315315315315,-0.7297297297297297,0.5765765765765766,0.3153153153153153,0.2072072072072072,0.40540540540540543,0.04504504504504504,0.17117117117117117,0.8288288288288288,-0.5765765765765766,0.7387387387387387,0.3963963963963964,0.36936936936936937,0.43243243243243246,0.1981981981981982,0.2072072072072072,1.0,-0.36036036036036034,0.8198198198198198,0.32432432432432434,0.5045045045045045,0.3963963963963964,0.3153153153153153,0.2072072072072072
0,0.0,0.0,-0.3053435114503817,-0.09923664122137404,-0.5343511450381679,-0.40458015267175573,-0.5267175572519084,-0.6564885496183206,-0.4198473282442748,-0.8396946564885496,-0.29770992366412213,-1.0,-0.25190839694656486,-0.916030534351145,-0.25190839694656486,-0.648854961832061,-0.2595419847328244,-0.6106870229007634,-0.015267175572519083,-1.0,0.030534351145038167,-0.8091603053435115,-0.06870229007633588,-0.5038167938931297,-0.11450381679389313,-0.5190839694656488,0.22137404580152673,-0.9007633587786259,0.25190839694656486,-0.6641221374045801,0.11450381679389313,-0.4122137404580153,0.05343511450381679,-0.4580152671755725,0.4198473282442748,-0.7480916030534351,0.42748091603053434,-0.5343511450381679,0.2900763358778626,-0.33587786259541985,0.1984732824427481,-0.366412213740458
0,0.0,0.0,-0.3805309734513274,0.035398230088495575,-0.7876106194690266,-0.1415929203539823,-0.9734513274336283,-0.4336283185840708,-1.0,-0.6637168141592921,-0.7964601769911505,-0.6194690265486725,-0.9646017699115044,-0.8672566371681416,-0.7787610619469026,-0.6371681415929203,-0.6902654867256637,-0.5575221238938053,-0.5398230088495575,-0.6902654867256637,-0.6637168141592921,-0.9292035398230089,-0.49557522123893805,-0.5752212389380531,-0.49557522123893805,-0.5663716814159292,-0.2920353982300885,-0.7433628318584071,-0.37168141592920356,-0.911504424778761,-0.2743362831858407,-0.5752212389380531,-0.2831858407079646,-0.5752212389380531,-0.04424778761061947,-0.7787610619469026,-0.10619469026548672,-0.8761061946902655,-0.07079646017699115,-0.6194690265486725,-0.061946902654867256,-0.5929203539823009
0,0.0,0.0,-0.3815789473684211,-0.02631578947368421,-0.7631578947368421,-0.2631578947368421,-0.9078947368421053,-0.5263157894736842,-0.7631578947368421,-0.6973684210526315,-0.631578947368421,-0.9342105263157895,-0.7763157894736842,-0.8289473684210527,-0.6710526315789473,-0.5526315789473685,-0.6052631578947368,-0.5263157894736842,-0.3684210526315789,-1.0,-0.4868421052631579,-0.7763157894736842,-0.42105263157894735,-0.4605263157894737,-0.3684210526315789,-0.4868421052631579,-0.09210526315789473,-0.9342105263157895,-0.19736842105263158,-0.6842105263157895,-0.18421052631578946,-0.40789473684210525,-0.15789473684210525,-0.4473684210526316,0.15789473684210525,-0.8157894736842105,0.06578947368421052,-0.6052631578947368,0.039473684210526314,-0.3815789473684211,0.039473684210526314,-0.39473684210526316
0,0.0,0.0,-0.2894736842105263,-0.19736842105263158,-0.4342105263157895,-0.4473684210526316,-0.3815789473684211,-0.5526315789473685,-0.17105263157894737,-0.5394736842105263,0.2631578947368421,-1.0,0.19736842105263158,-0.4473684210526316,-0.06578947368421052,-0.2631578947368421,-0.14473684210526316,-0.2894736842105263,0.5526315789473685,-0.8289473684210527,0.3815789473684211,-0.23684210526315788,0.09210526315789473,-0.14473684210526316,0.02631578947368421,-0.23684210526315788,0.7368421052631579,-0.5789473684210527,0.5263157894736842,-0.05263157894736842,0.2631578947368421,-0.013157894736842105,0.21052631578947367,-0.11842105263157894,0.8289473684210527,-0.3157894736842105,0.618421052631579,0.06578947368421052,0.3815789473684211,0.11842105263157894,0.3026315789473684,0.02631578947368421
0,0.0,0.0,-0.29411764705882354,-0.1411764705882353,-0.5058823529411764,-0.4235294117647059,-0.49411764705882355,-0.611764705882353,-0.3058823529411765,-0.7058823529411765,0.0,-1.0,-0.023529411764705882,-0.7176470588235294,-0.16470588235294117,-0.4823529411764706,-0.2,-0.47058823529411764,0.3058823529411765,-0.9058823529411765,0.21176470588235294,-0.5294117647058824,0.023529411764705882,-0.35294117647058826,-0.011764705882352941,-0.3764705882352941,0.5058823529411764,-0.7176470588235294,0.35294117647058826,-0.35294117647058826,0.17647058823529413,-0.2235294117647059,0.12941176470588237,-0.25882352941176473,0.6352941176470588,-0.5058823529411764,0.49411764705882355,-0.2235294117647059,0.3176470588235294,-0.11764705882352941,0.23529411764705882,-0.1411764705882353
0,0.0,0.0,-0.14563106796116504,0.13592233009708737,-0.3786407766990291,0.18446601941747573,-0.5436893203883495,0.06796116504854369,-0.6699029126213593,-0.10679611650485436,-1.0,-0.27184466019417475,-0.6601941747572816,-0.39805825242718446,-0.4174757281553398,-0.2524271844660194,-0.4077669902912621,-0.1650485436893204,-0.883495145631068,-0.5145631067961165,-0.47572815533980584,-0.6019417475728155,-0.24271844660194175,-0.3883495145631068,-0.30097087378640774,-0.30097087378640774,-0.6893203883495146,-0.6893203883495146,-0.2815533980582524,-0.7475728155339806,-0.11650485436893204,-0.5145631067961165,-0.1941747572815534,-0.42718446601941745,-0.4563106796116505,-0.7961165048543689,-0.1262135922330097,-0.7961165048543689,-0.019417475728155338,-0.6019417475728155,-0.0970873786407767,-0.49514563106796117
0,0.0,0.0,-0.33587786259541985,-0.061068702290076333,-0.6259541984732825,-0.32061068702290074,-0.7099236641221374,-0.6335877862595419,-0.7099236641221374,-0.8396946564885496,-0.5801526717557252,-0.7099236641221374,-0.648854961832061,-1.0,-0.5343511450381679,-0.7862595419847328,-0.48091603053435117,-0.648854961832061,-0.3435114503816794,-0.732824427480916,-0.3816793893129771,-0.9618320610687023,-0.31297709923664124,-0.6412213740458015,-0.3435114503816794,-0.6183206106870229,-0.12213740458015267,-0.7175572519083969,-0.1297709923664122,-0.8854961832061069,-0.11450381679389313,-0.5801526717557252,-0.15267175572519084,-0.5725190839694656,0.09923664122137404,-0.6793893129770993,0.08396946564885496,-0.7862595419847328,0.07633587786259542,-0.5725190839694656,0.061068702290076333,-0.5343511450381679
0,0.0,0.0,-0.19008264462809918,0.2396694214876033,-0.49586776859504134,0.38016528925619836,-0.7768595041322314,0.371900826446281,-0.9752066115702479,0.30578512396694213,-0.7272727272727273,0.19834710743801653,-1.0,0.1652892561983471,-0.7851239669421488,0.18181818181818182,-0.6363636363636364,0.19008264462809918,-0.6859504132231405,0.04132231404958678,-0.9338842975206612,0.0,-0.6694214876033058,0.05785123966942149,-0.5619834710743802,0.0743801652892562,-0.6115702479338843,-0.11570247933884298,-0.8429752066115702,-0.15702479338842976,-0.5867768595041323,-0.0743801652892562,-0.4793388429752066,-0.04132231404958678,-0.512396694214876,-0.2727272727272727,-0.6694214876033058,-0.2727272727272727,-0.49586776859504134,-0.19834710743801653,-0.39669421487603307,-0.1652892561983471
0,0.0,0.0,-0.4953271028037383,-0.009345794392523364,-0.8504672897196262,0.2803738317757009,-0.9532710280373832,0.6635514018691588,-0.8691588785046729,0.8785046728971962,-0.8130841121495327,0.6635514018691588,-0.8691588785046729,1.0,-0.8037383177570093,0.897196261682243,-0.7570093457943925,0.7476635514018691,-0.5514018691588785,0.7850467289719626,-0.6074766355140186,0.9813084112149533,-0.5887850467289719,0.8598130841121495,-0.5514018691588785,0.7383177570093458,-0.29906542056074764,0.8317757009345794,-0.37383177570093457,0.9252336448598131,-0.37383177570093457,0.822429906542056,-0.3364485981308411,0.7009345794392523,-0.08411214953271028,0.8317757009345794,-0.19626168224299065,0.8691588785046729,-0.17757009345794392,0.7570093457943925,-0.14018691588785046,0.6635514018691588
0,0.0,0.0,-0.3247863247863248,-0.042735042735042736,-0.6410256410256411,0.05982905982905983,-0.8205128205128205,0.28205128205128205,-0.8717948717948718,0.46153846153846156,-0.8376068376068376,-0.042735042735042736,-1.0,0.4188034188034188,-0.8632478632478633,0.48717948717948717,-0.7692307692307693,0.4017094017094017,-0.6581196581196581,0.042735042735042736,-0.7777777777777778,0.5641025641025641,-0.6324786324786325,0.5384615384615384,-0.5897435897435898,0.4017094017094017,-0.46153846153846156,0.1623931623931624,-0.5726495726495726,0.6239316239316239,-0.452991452991453,0.5641025641025641,-0.41025641025641024,0.41025641025641024,-0.26495726495726496,0.28205128205128205,-0.37606837606837606,0.6324786324786325,-0.28205128205128205,0.5641025641025641,-0.24786324786324787,0.42735042735042733
0,0.0,0.0,-0.38392857142857145,0.125,-0.7410714285714286,-0.044642857142857144,-0.9017857142857143,-0.3125,-0.9285714285714286,-0.5178571428571429,-0.7946428571428571,-0.4642857142857143,-1.0,-0.5535714285714286,-0.8482142857142857,-0.33035714285714285,-0.7410714285714286,-0.2857142857142857,-0.625,-0.5892857142857143,-0.8125,-0.5892857142857143,-0.6339285714285714,-0.33035714285714285,-0.5446428571428571,-0.35714285714285715,-0.44642857142857145,-0.6607142857142857,-0.5892857142857143,-0.5892857142857143,-0.44642857142857145,-0.33035714285714285,-0.375,-0.375,-0.25892857142857145,-0.6964285714285714,-0.39285714285714285,-0.5803571428571429,-0.3125,-0.39285714285714285,-0.25,-0.42857142857142855
0,0.0,0.0,-0.20454545454545456,-0.38636363636363635,-0.45454545454545453,-0.5568181818181818,-0.6931818181818182,-0.4772727272727273,-0.8295454545454546,-0.3068181818181818,-0.6931818181818182,-0.75,-0.9886363636363636,-0.5,-0.8636363636363636,-0.375,-0.7159090909090909,-0.36363636363636365,-0.8181818181818182,-0.5454545454545454,-1.0,-0.29545454545454547,-0.8636363636363636,-0.19318181818181818,-0.7272727272727273,-0.2159090909090909,-0.875,-0.2840909090909091,-0.9886363636363636,-0.03409090909090909,-0.8409090909090909,0.022727272727272728,-0.7159090909090909,-0.022727272727272728,-0.8863636363636364,0.0,-0.9090909090909091,0.18181818181818182,-0.75,0.22727272727272727,-0.6477272727272727,0.17045454545454544
0,0.0,0.0,-0.3333333333333333,0.36363636363636365,-0.5454545454545454,0.7121212121212122,-0.3787878787878788,0.9696969696969697,-0.07575757575757576,0.9696969696969697,-0.5757575757575758,0.22727272727272727,0.045454545454545456,0.9545454545454546,0.10606060606060606,1.0,-0.030303030303030304,0.8636363636363636,-0.25757575757575757,-0.09090909090909091,0.5454545454545454,0.7727272727272727,0.4090909090909091,0.7272727272727273,0.18181818181818182,0.5303030303030303,0.13636363636363635,-0.30303030303030304,0.803030303030303,0.5454545454545454,0.5757575757575758,0.5151515151515151,0.3181818181818182,0.3181818181818182,0.4696969696969697,-0.4090909090909091,0.9242424242424242,0.25757575757575757,0.696969696969697,0.24242424242424243,0.4696969696969697,0.06060606060606061
0,0.0,0.0,-0.20689655172413793,-0.19540229885057472,-0.40229885057471265,-0.42528735632183906,-0.5862068965517241,-0.5172413793103449,-0.7471264367816092,-0.5172413793103449,-0.42528735632183906,-0.8620689655172413,-0.8850574712643678,-0.5862068965517241,-0.7816091954022989,-0.39080459770114945,-0.6091954022988506,-0.3448275862068966,-0.5057471264367817,-0.8505747126436781,-0.9655172413793104,-0.5172413793103449,-0.8045977011494253,-0.3218390804597701,-0.632183908045977,-0.3103448275862069,-0.5632183908045977,-0.7586206896551724,-1.0,-0.4367816091954023,-0.8275862068965517,-0.2413793103448276,-0.6436781609195402,-0.25287356321839083,-0.6206896551724138,-0.632183908045977,-0.9195402298850575,-0.3218390804597701,-0.7701149425287356,-0.1839080459770115,-0.6206896551724138,-0.19540229885057472
0,0.0,0.0,-0.2698412698412698,0.2698412698412698,-0.3492063492063492,0.6428571428571429,-0.19047619047619047,0.9047619047619048,0.023809523809523808,0.9920634920634921,-0.09523809523809523,0.4523809523809524,0.1746031746031746,0.9920634920634921,0.10317460317460317,1.0,0.031746031746031744,0.873015873015873,0.1746031746031746,0.3333333333333333,0.3888888888888889,0.9285714285714286,0.29365079365079366,0.9365079365079365,0.2222222222222222,0.8015873015873016,0.3888888888888889,0.2698412698412698,0.5634920634920635,0.8095238095238095,0.4444444444444444,0.8174603174603174,0.36507936507936506,0.6904761904761905,0.5396825396825397,0.23809523809523808,0.626984126984127,0.6507936507936508,0.5396825396825397,0.6666666666666666,0.47619047619047616,0.5714285714285714
0,0.0,0.0,-0.33980582524271846,-0.038834951456310676,-0.6116504854368932,-0.32038834951456313,-0.6407766990291263,-0.6116504854368932,-0.5728155339805825,-0.8155339805825242,-0.42718446601941745,-0.8543689320388349,-0.3786407766990291,-1.0,-0.34951456310679613,-0.7184466019417476,-0.3592233009708738,-0.6019417475728155,-0.1650485436893204,-0.8737864077669902,-0.08737864077669903,-0.8932038834951457,-0.1262135922330097,-0.5339805825242718,-0.18446601941747573,-0.5242718446601942,0.06796116504854369,-0.8349514563106796,0.14563106796116504,-0.7864077669902912,0.06796116504854369,-0.47572815533980584,0.0,-0.47572815533980584,0.2912621359223301,-0.7475728155339806,0.33980582524271846,-0.6990291262135923,0.2524271844660194,-0.4563106796116505,0.17475728155339806,-0.4368932038834951
0,0.0,0.0,-0.3790322580645161,0.056451612903225805,-0.6370967741935484,-0.04032258064516129,-0.8064516129032258,-0.13709677419354838,-0.9193548387096774,-0.20161290322580644,-0.6935483870967742,-0.5645161290322581,-1.0,-0.2903225806451613,-0.9032258064516129,-0.1532258064516129,-0.7903225806451613,-0.16129032258064516,-0.5967741935483871,-0.5725806451612904,-0.8709677419354839,-0.1935483870967742,-0.7419354838709677,-0.08870967741935484,-0.6451612903225806,-0.13709677419354838,-0.5,-0.4838709677419355,-0.7258064516129032,-0.10483870967741936,-0.5967741935483871,-0.016129032258064516,-0.5161290322580645,-0.08870967741935484,-0.4112903225806452,-0.3387096774193548,-0.5564516129032258,-0.016129032258064516,-0.4596774193548387,0.04032258064516129,-0.3951612903225806,-0.03225806451612903
0,0.0,0.0,-0.28448275862068967,-0.1724137931034483,-0.5948275862068966,-0.1896551724137931,-0.8362068965517241,-0.08620689655172414,-1.0,0.017241379310344827,-0.75,-0.3793103448275862,-0.9741379310344828,-0.017241379310344827,-0.8275862068965517,0.04310344827586207,-0.75,-0.017241379310344827,-0.7327586206896551,-0.28448275862068967,-0.9051724137931034,0.1206896551724138,-0.75,0.13793103448275862,-0.6810344827586207,0.05172413793103448,-0.6982758620689655,-0.14655172413793102,-0.8189655172413793,0.21551724137931033,-0.6637931034482759,0.22413793103448276,-0.5948275862068966,0.13793103448275862,-0.6379310344827587,0.0,-0.6810344827586207,0.28448275862068967,-0.5517241379310345,0.28448275862068967,-0.5,0.19827586206896552
0,0.0,0.0,0.33884297520661155,-0.19834710743801653,0.49586776859504134,-0.47107438016528924,0.35537190082644626,-0.7024793388429752,0.1652892561983471,-0.7768595041322314,0.49586776859504134,-0.6942148760330579,0.47107438016528924,-0.9586776859504132,0.35537190082644626,-0.7768595041322314,0.33884297520661155,-0.5950413223140496,0.256198347107438,-0.71900826446281,0.21487603305785125,-1.0,0.1487603305785124,-0.7520661157024794,0.19008264462809918,-0.5785123966942148,0.049586776859504134,-0.7024793388429752,-0.024793388429752067,-0.9008264462809917,-0.024793388429752067,-0.6528925619834711,0.049586776859504134,-0.5206611570247934,-0.1487603305785124,-0.6363636363636364,-0.19008264462809918,-0.7768595041322314,-0.15702479338842976,-0.5950413223140496,-0.08264462809917356,-0.49586776859504134
0,0.0,0.0,0.38333333333333336,-0.1,0.6583333333333333,-0.2,0.8416666666666667,-0.225,0.9166666666666666,-0.175,0.6916666666666667,-0.75,1.0,-0.4083333333333333,0.9083333333333333,-0.25833333333333336,0.8,-0.275,0.5333333333333333,-0.6916666666666667,0.875,-0.26666666666666666,0.7583333333333333,-0.15833333333333333,0.6666666666666666,-0.21666666666666667,0.375,-0.5416666666666666,0.675,-0.13333333333333333,0.5666666666666667,-0.06666666666666667,0.475,-0.14166666666666666,0.225,-0.35,0.48333333333333334,-0.03333333333333333,0.4083333333333333,0.008333333333333333,0.325,-0.075
0,0.0,0.0,0.1896551724137931,-0.25862068965517243,0.2672413793103448,-0.5689655172413793,0.13793103448275862,-0.7241379310344828,-0.04310344827586207,-0.7327586206896551,0.10344827586206896,-0.9396551724137931,-0.21551724137931033,-1.0,-0.1724137931034483,-0.7327586206896551,-0.04310344827586207,-0.6379310344827587,-0.13793103448275862,-0.8448275862068966,-0.43103448275862066,-0.9655172413793104,-0.31896551724137934,-0.646551724137931,-0.1810344827586207,-0.5689655172413793,-0.3275862068965517,-0.7155172413793104,-0.5775862068965517,-0.7758620689655172,-0.43103448275862066,-0.5172413793103449,-0.28448275862068967,-0.4827586206896552,-0.47413793103448276,-0.5689655172413793,-0.646551724137931,-0.5948275862068966,-0.5172413793103449,-0.4396551724137931,-0.3879310344827586,-0.4224137931034483
0,0.0,0.0,0.21739130434782608,-0.14782608695652175,0.23478260869565218,-0.3565217391304348,0.02608695652173913,-0.3739130434782609,-0.1565217391304348,-0.3391304347826087,-0.19130434782608696,-1.0,-0.5565217391304348,-0.5304347826086957,-0.41739130434782606,-0.2,-0.23478260869565218,-0.09565217391304348,-0.48695652173913045,-0.9304347826086956,-0.8,-0.40869565217391307,-0.5217391304347826,-0.11304347826086956,-0.2956521739130435,-0.08695652173913043,-0.6956521739130435,-0.7565217391304347,-0.9391304347826087,-0.2782608695652174,-0.6434782608695652,-0.06956521739130435,-0.4260869565217391,-0.08695652173913043,-0.8,-0.5391304347826087,-0.9652173913043478,-0.2,-0.7304347826086957,-0.043478260869565216,-0.5304347826086957,-0.043478260869565216
0,0.0,0.0,0.35195530726256985,0.17318435754189945,0.6312849162011173,0.18994413407821228,0.8044692737430168,0.16201117318435754,0.8938547486033519,0.12290502793296089,0.888268156424581,-0.22905027932960895,1.0,0.1340782122905028,0.8212290502793296,0.24581005586592178,0.7094972067039106,0.20670391061452514,0.776536312849162,-0.31843575418994413,0.8659217877094972,0.1005586592178771,0.6759776536312849,0.19553072625698323,0.5865921787709497,0.12290502793296089,0.6089385474860335,-0.33519553072625696,0.6480446927374302,0.0782122905027933,0.4972067039106145,0.15083798882681565,0.441340782122905,0.0670391061452514,0.41899441340782123,-0.3016759776536313,0.4301675977653631,0.0335195530726257,0.33519553072625696,0.08379888268156424,0.30726256983240224,0.0
0,0.0,0.0,0.25210084033613445,-0.15126050420168066,0.36134453781512604,-0.46218487394957986,0.17647058823529413,-0.6386554621848739,-0.008403361344537815,-0.680672268907563,0.226890756302521,-1.0,-0.058823529411764705,-0.8823529411764706,0.0,-0.5714285714285714,0.09243697478991597,-0.4789915966386555,-0.07563025210084033,-0.9747899159663865,-0.31932773109243695,-0.8487394957983193,-0.20168067226890757,-0.5126050420168067,-0.10084033613445378,-0.4789915966386555,-0.31932773109243695,-0.8403361344537815,-0.5126050420168067,-0.7058823529411765,-0.3697478991596639,-0.42016806722689076,-0.25210084033613445,-0.42857142857142855,-0.5126050420168067,-0.6638655462184874,-0.6302521008403361,-0.5546218487394958,-0.4789915966386555,-0.37815126050420167,-0.3697478991596639,-0.3865546218487395
0,0.0,0.0,0.08943089430894309,-0.2601626016260163,-0.08943089430894309,-0.6016260162601627,-0.35772357723577236,-0.6504065040650406,-0.5528455284552846,-0.5609756097560976,-0.5772357723577236,-0.8861788617886179,-0.7886178861788617,-0.5853658536585366,-0.5121951219512195,-0.3821138211382114,-0.3252032520325203,-0.36585365853658536,-0.7723577235772358,-0.6585365853658537,-0.975609756097561,-0.3902439024390244,-0.6016260162601627,-0.21951219512195122,-0.42276422764227645,-0.25203252032520324,-0.8536585365853658,-0.4065040650406504,-1.0,-0.17073170731707318,-0.6504065040650406,-0.04878048780487805,-0.4878048780487805,-0.11382113821138211,-0.8536585365853658,-0.16260162601626016,-0.9024390243902439,0.008130081300813009,-0.6504065040650406,0.07317073170731707,-0.5284552845528455,-0.008130081300813009
0,0.0,0.0,0.44,0.08,0.736,0.056,0.888,0.016,0.952,0.0,0.928,-0.528,1.0,-0.064,0.824,0.128,0.696,0.136,0.712,-0.608,0.784,-0.072,0.624,0.096,0.512,0.072,0.464,-0.584,0.52,-0.08,0.424,0.056,0.36,-0.008,0.216,-0.496,0.28,-0.088,0.24,0.008,0.208,-0.064
0,0.0,0.0,0.37583892617449666,0.1342281879194631,0.6845637583892618,0.20134228187919462,0.87248322147651,0.2550335570469799,1.0,0.31543624161073824,0.9328859060402684,-0.28859060402684567,0.8791946308724832,0.2214765100671141,0.6845637583892618,0.3221476510067114,0.5973154362416108,0.2348993288590604,0.7114093959731543,-0.3825503355704698,0.6577181208053692,0.21476510067114093,0.4966442953020134,0.2550335570469799,0.44966442953020136,0.14093959731543623,0.4563758389261745,-0.3825503355704698,0.40939597315436244,0.174496644295302,0.28859060402684567,0.19463087248322147,0.2684563758389262,0.06040268456375839,0.20134228187919462,-0.348993288590604,0.18791946308724833,0.09395973154362416,0.1342281879194631,0.11409395973154363,0.12751677852348994,0.0
0,0.0,0.0,0.38636363636363635,0.07954545454545454,0.6534090909090909,0.0,0.7954545454545454,-0.10227272727272728,0.8636363636363636,-0.1534090909090909,0.7897727272727273,-0.45454545454545453,1.0,-0.09090909090909091,0.8579545454545454,0.03409090909090909,0.75,-0.011363636363636364,0.6704545454545454,-0.4659090909090909,0.9090909090909091,-0.028409090909090908,0.75,0.06818181818181818,0.6534090909090909,-0.005681818181818182,0.5227272727272727,-0.3977272727272727,0.7159090909090909,0.028409090909090908,0.5738636363636364,0.10227272727272728,0.5,0.017045454545454544,0.3693181818181818,-0.2784090909090909,0.5056818181818182,0.07386363636363637,0.4090909090909091,0.10795454545454546,0.3465909090909091,0.022727272727272728
0,0.0,0.0,0.40217391304347827,0.33695652173913043,0.5869565217391305,0.6739130434782609,0.43478260869565216,0.8913043478260869,0.14130434782608695,0.8369565217391305,1.0,-0.06521739130434782,0.30434782608695654,0.8586956521739131,0.25,0.8913043478260869,0.3695652173913043,0.6956521739130435,0.4891304347826087,-0.3804347826086957,-0.1956521739130435,0.7717391304347826,-0.09782608695652174,0.7065217391304348,0.09782608695652174,0.391304347826087,-0.05434782608695652,-0.5217391304347826,-0.6086956521739131,0.5217391304347826,-0.45652173913043476,0.45652173913043476,-0.22826086956521738,0.18478260869565216,-0.5434782608695652,-0.5760869565217391,-0.9347826086956522,0.2391304347826087,-0.75,0.2391304347826087,-0.5108695652173914,0.03260869565217391
0,0.0,0.0,0.36,-0.016,0.744,-0.208,0.776,-0.472,0.64,-0.64,0.848,-0.584,0.864,-0.792,0.656,-0.544,0.6,-0.408,0.592,-0.744,0.672,-0.968,0.48,-0.656,0.472,-0.544,0.344,-0.816,0.376,-1.0,0.256,-0.688,0.288,-0.608,0.088,-0.84,0.12,-0.928,0.088,-0.704,0.136,-0.648
0,0.0,0.0,0.22666666666666666,0.20666666666666667,0.5933333333333334,0.26666666666666666,0.74,0.02666666666666667,0.7,-0.2,0.7933333333333333,0.06,1.0,0.04666666666666667,0.7533333333333333,0.11333333333333333,0.6,0.12666666666666668,0.7133333333333334,-0.13333333333333333,0.94,-0.16,0.66,-0.03333333333333333,0.56,-0.02666666666666667,0.6133333333333333,-0.30666666666666664,0.8066666666666666,-0.32666666666666666,0.56,-0.16666666666666666,0.48,-0.16666666666666666,0.47333333333333333,-0.46,0.6266666666666667,-0.4066666666666667,0.4666666666666667,-0.2866666666666667,0.4066666666666667,-0.31333333333333335
0,0.0,0.0,0.34782608695652173,-0.13768115942028986,0.5579710144927537,-0.3695652173913043,0.5,-0.5362318840579711,0.35507246376811596,-0.6014492753623188,0.2898550724637681,-1.0,0.5,-0.8043478260869565,0.5289855072463768,-0.5289855072463768,0.4927536231884058,-0.43478260869565216,0.028985507246376812,-0.9927536231884058,0.26811594202898553,-0.7318840579710145,0.3115942028985507,-0.4492753623188406,0.26811594202898553,-0.4057971014492754,-0.18840579710144928,-0.8695652173913043,0.036231884057971016,-0.572463768115942,0.11594202898550725,-0.35507246376811596,0.08695652173913043,-0.3695652173913043,-0.36231884057971014,-0.6884057971014492,-0.16666666666666666,-0.43478260869565216,-0.057971014492753624,-0.2826086956521739,-0.050724637681159424,-0.30434782608695654
0,0.0,0.0,0.1893939393939394,-0.30303030303030304,0.20454545454545456,-0.6212121212121212,-0.015151515151515152,-0.75,-0.21212121212121213,-0.7424242424242424,0.0,-0.7575757575757576,-0.022727272727272728,-1.0,0.06818181818181818,-0.8484848484848485,0.10606060606060606,-0.6818181818181818,-0.17424242424242425,-0.6893939393939394,-0.2196969696969697,-0.9848484848484849,-0.08333333333333333,-0.7878787878787878,-0.045454545454545456,-0.6212121212121212,-0.32575757575757575,-0.5833333333333334,-0.3712121212121212,-0.8409090909090909,-0.20454545454545456,-0.6439393939393939,-0.17424242424242425,-0.49242424242424243,-0.4772727272727273,-0.4393939393939394,-0.44696969696969696,-0.6590909090909091,-0.30303030303030304,-0.5454545454545454,-0.2878787878787879,-0.4318181818181818
0,0.0,0.0,-0.0423728813559322,-0.3898305084745763,-0.3135593220338983,-0.6949152542372882,-0.6016949152542372,-0.6440677966101694,-0.7711864406779662,-0.5,-0.652542372881356,-0.652542372881356,-0.8559322033898306,-0.8220338983050848,-0.6271186440677966,-0.788135593220339,-0.4745762711864407,-0.6864406779661016,-0.7372881355932204,-0.4322033898305085,-1.0,-0.6186440677966102,-0.6779661016949152,-0.576271186440678,-0.5423728813559322,-0.4830508474576271,-0.7711864406779662,-0.2033898305084746,-0.9491525423728814,-0.3389830508474576,-0.6271186440677966,-0.3220338983050847,-0.5423728813559322,-0.2457627118644068,-0.7542372881355932,0.05084745762711865,-0.8220338983050848,-0.1271186440677966,-0.6016949152542372,-0.1440677966101695,-0.559322033898305,-0.0847457627118644
0,0.0,0.0,-0.29365079365079366,-0.40476190476190477,-0.5555555555555556,-0.5,-0.7222222222222222,-0.5238095238095238,-0.8809523809523809,-0.5158730158730159,-0.8968253968253969,-0.16666666666666666,-0.9761904761904762,-0.5079365079365079,-0.7777777777777778,-0.626984126984127,-0.6190476190476191,-0.6190476190476191,-0.8888888888888888,-0.07936507936507936,-1.0,-0.5,-0.7301587301587301,-0.6031746031746031,-0.5634920634920635,-0.5555555555555556,-0.8253968253968254,-0.023809523809523808,-0.9047619047619048,-0.4365079365079365,-0.626984126984127,-0.47619047619047616,-0.5,-0.38095238095238093,-0.7142857142857143,0.007936507936507936,-0.7222222222222222,-0.3253968253968254,-0.5396825396825397,-0.3412698412698413,-0.47619047619047616,-0.23809523809523808
0,0.0,0.0,0.2903225806451613,0.10483870967741936,0.6048387096774194,0.07258064516129033,0.75,-0.1693548387096774,0.7741935483870968,-0.3467741935483871,0.7983870967741935,0.0,1.0,-0.1532258064516129,0.7983870967741935,-0.18548387096774194,0.6370967741935484,-0.12903225806451613,0.6935483870967742,-0.1935483870967742,0.9193548387096774,-0.3790322580645161,0.6935483870967742,-0.3225806451612903,0.5645161290322581,-0.20967741935483872,0.5806451612903226,-0.33064516129032256,0.7419354838709677,-0.5241935483870968,0.5564516129032258,-0.3951612903225806,0.4596774193548387,-0.2661290322580645,0.4274193548387097,-0.43548387096774194,0.532258064516129,-0.5564516129032258,0.43548387096774194,-0.45161290322580644,0.3790322580645161,-0.33064516129032256
